da1,10.255.201.2,dist1
da2,10.255.201.3,dist1
fa1,10.255.201.4,dist1
db1,10.255.201.5,dist1
db2,10.255.201.6,dist1
fb1,10.255.201.7,dist1
dc1,10.255.201.8,dist1
dc2,10.255.201.9,dist1
fc1,10.255.201.10,dist1
dd1,10.255.201.11,dist1
dd2,10.255.201.12,dist1
fd1,10.255.201.13,dist1
de1,10.255.201.14,dist1
de2,10.255.201.15,dist1
fe1,10.255.201.16,dist1
df1,10.255.201.17,dist1
df2,10.255.201.18,dist1
ff1,10.255.201.19,dist1
dg1,10.255.201.20,dist1
dg2,10.255.201.21,dist1
fg1,10.255.201.22,dist1
fa2,10.255.201.23,dist1
fb2,10.255.201.24,dist1
fc2,10.255.201.25,dist1
fd2,10.255.201.26,dist1
fe2,10.255.201.27,dist1
dh1,10.255.202.2,dist2
dh2,10.255.202.3,dist2
fh1,10.255.202.4,dist2
dj1,10.255.202.5,dist2
dj2,10.255.202.6,dist2
fj1,10.255.202.7,dist2
dk1,10.255.202.8,dist2
dk2,10.255.202.9,dist2
fk1,10.255.202.10,dist2
dl1,10.255.202.11,dist2
dl2,10.255.202.12,dist2
fl1,10.255.202.13,dist2
dm1,10.255.202.14,dist2
dm2,10.255.202.15,dist2
fm1,10.255.202.16,dist2
dn1,10.255.202.17,dist2
dn2,10.255.202.18,dist2
fn1,10.255.202.19,dist2
dp1,10.255.202.20,dist2
dp2,10.255.202.21,dist2
fp1,10.255.202.22,dist2
ff2,10.255.202.23,dist2
fg2,10.255.202.24,dist2
fh2,10.255.202.25,dist2
fj2,10.255.202.26,dist2
fk2,10.255.202.27,dist2
fl2,10.255.202.28,dist2
dq1,10.255.203.2,dist3
dq2,10.255.203.3,dist3
fq1,10.255.203.4,dist3
dr1,10.255.203.5,dist3
dr2,10.255.203.6,dist3
fr1,10.255.203.7,dist3
ds1,10.255.203.8,dist3
ds2,10.255.203.9,dist3
fs1,10.255.203.10,dist3
dt1,10.255.203.11,dist3
dt2,10.255.203.12,dist3
ft1,10.255.203.13,dist3
du1,10.255.203.14,dist3
du2,10.255.203.15,dist3
fu1,10.255.203.16,dist3
dv1,10.255.203.17,dist3
dv2,10.255.203.18,dist3
fv1,10.255.203.19,dist3
dw1,10.255.203.20,dist3
dw2,10.255.203.21,dist3
fw1,10.255.203.22,dist3
dx1,10.255.204.2,dist4
dx2,10.255.204.3,dist4
dy1,10.255.204.4,dist4
dy2,10.255.204.5,dist4
dz1,10.255.204.6,dist4
dz2,10.255.204.7,dist4
ea1,10.255.204.8,dist4
ea2,10.255.204.9,dist4
eb1,10.255.204.10,dist4
eb2,10.255.204.11,dist4
ec1,10.255.204.12,dist4
ec2,10.255.204.13,dist4
ed1,10.255.204.14,dist4
ed2,10.255.204.15,dist4
ee1,10.255.205.2,dist5
ee2,10.255.205.3,dist5
ef1,10.255.205.4,dist5
ef2,10.255.205.5,dist5
eg1,10.255.205.6,dist5
eg2,10.255.205.7,dist5
eh1,10.255.205.8,dist5
eh2,10.255.205.9,dist5
ej1,10.255.205.10,dist5
ej2,10.255.205.11,dist5
ek1,10.255.205.12,dist5
ek2,10.255.205.13,dist5
el1,10.255.205.14,dist5
el2,10.255.205.15,dist5
em1,10.255.205.16,dist5
em2,10.255.205.17,dist5
aa1,10.255.207.2,dist7
aa2,10.255.207.3,dist7
ab1,10.255.207.4,dist7
ab2,10.255.207.5,dist7
ac1,10.255.207.6,dist7
ac2,10.255.207.7,dist7
ad1,10.255.207.8,dist7
ad2,10.255.207.9,dist7
ae1,10.255.207.10,dist7
ae2,10.255.207.11,dist7
af1,10.255.207.12,dist7
af2,10.255.207.13,dist7
ag1,10.255.207.14,dist7
ag2,10.255.207.15,dist7
ca1,10.255.207.16,dist7
cb1,10.255.207.17,dist7
cc1,10.255.207.18,dist7
cd1,10.255.207.19,dist7
ah1,10.255.208.2,dist8
ah2,10.255.208.3,dist8
aj1,10.255.208.4,dist8
aj2,10.255.208.5,dist8
ak1,10.255.208.6,dist8
ak2,10.255.208.7,dist8
al1,10.255.208.8,dist8
al2,10.255.208.9,dist8
am1,10.255.208.10,dist8
am2,10.255.208.11,dist8
an1,10.255.208.12,dist8
an2,10.255.208.13,dist8
ap1,10.255.208.14,dist8
ap2,10.255.208.15,dist8
ce1,10.255.208.16,dist8
cf1,10.255.208.17,dist8
aq1,10.255.209.2,dist9
aq2,10.255.209.3,dist9
ar1,10.255.209.4,dist9
ar2,10.255.209.5,dist9
as1,10.255.209.6,dist9
as2,10.255.209.7,dist9
at1,10.255.209.8,dist9
at2,10.255.209.9,dist9
au1,10.255.209.10,dist9
au2,10.255.209.11,dist9
av1,10.255.209.12,dist9
av2,10.255.209.13,dist9
aw1,10.255.209.14,dist9
aw2,10.255.209.15,dist9
cg1,10.255.209.16,dist9
ch1,10.255.209.17,dist9
ax1,10.255.210.2,dist10
ax2,10.255.210.3,dist10
ay1,10.255.210.4,dist10
ay2,10.255.210.5,dist10
az1,10.255.210.6,dist10
az2,10.255.210.7,dist10
ba1,10.255.210.8,dist10
ba2,10.255.210.9,dist10
bb1,10.255.210.10,dist10
bb2,10.255.210.11,dist10
bc1,10.255.210.12,dist10
bc2,10.255.210.13,dist10
bd1,10.255.210.14,dist10
bd2,10.255.210.15,dist10
cj1,10.255.210.16,dist10
ck1,10.255.210.17,dist10
cl1,10.255.210.18,dist10
cm1,10.255.210.19,dist10
be1,10.255.211.2,dist11
be2,10.255.211.3,dist11
bf1,10.255.211.4,dist11
bf2,10.255.211.5,dist11
bg1,10.255.211.6,dist11
bg2,10.255.211.7,dist11
bh1,10.255.211.8,dist11
bh2,10.255.211.9,dist11
bj1,10.255.211.10,dist11
bj2,10.255.211.11,dist11
bk1,10.255.211.12,dist11
bk2,10.255.211.13,dist11
bl1,10.255.211.14,dist11
bl2,10.255.211.15,dist11
cn1,10.255.211.16,dist11
cp1,10.255.211.17,dist11
cq1,10.255.211.18,dist11
cr1,10.255.211.19,dist11
bm1,10.255.212.2,dist12
bm2,10.255.212.3,dist12
bn1,10.255.212.4,dist12
bn2,10.255.212.5,dist12
bp1,10.255.212.6,dist12
bp2,10.255.212.7,dist12
bq1,10.255.212.8,dist12
bq2,10.255.212.9,dist12
br1,10.255.212.10,dist12
br2,10.255.212.11,dist12
bs1,10.255.212.12,dist12
bs2,10.255.212.13,dist12
cs1,10.255.212.14,dist12
ct1,10.255.212.15,dist12
xg1,10.255.213.9,dist13
xg2,10.255.213.10,dist13
yg1,10.255.213.11,dist13
yg2,10.255.213.12,dist13
xf1,10.255.213.13,dist13
xf2,10.255.213.14,dist13
yf1,10.255.213.15,dist13
xe1,10.255.213.16,dist13
xe2,10.255.213.17,dist13
fe1,10.255.213.18,dist13
xd1,10.255.213.19,dist13
xd2,10.255.213.20,dist13
yd1,10.255.213.21,dist13
xc1,10.255.213.22,dist13
xc2,10.255.213.23,dist13
yc1,10.255.213.24,dist13
xb1,10.255.213.25,dist13
xb2,10.255.213.26,dist13
yb1,10.255.213.27,dist13
xa1,10.255.213.28,dist13
xa2,10.255.213.29,dist13
ya1,10.255.213.30,dist13
ye1,10.255.213.31,dist13
zg1,10.255.214.7,dist14
zg2,10.255.214.8,dist14
yf2,10.255.214.9,dist14
zf1,10.255.214.10,dist14
zf2,10.255.214.11,dist14
ye2,10.255.214.12,dist14
ze1,10.255.214.13,dist14
ze2,10.255.214.14,dist14
yd1,10.255.214.15,dist14
zd1,10.255.214.16,dist14
zd2,10.255.214.17,dist14
yc2,10.255.214.18,dist14
zc1,10.255.214.19,dist14
zc2,10.255.214.20,dist14
yb2,10.255.214.21,dist14
zb1,10.255.214.22,dist14
zb2,10.255.214.23,dist14
ya2,10.255.214.24,dist14
za1,10.255.214.25,dist14
za2,10.255.214.26,dist14
crew1,10.255.253.2,e2
crew2,10.255.253.3,e2
crew3,10.255.253.4,e2
crew4,10.255.253.5,e2
crew5,10.255.253.6,e2
crew6,10.255.253.7,e2
crew7,10.255.253.8,e2
crew8,10.255.253.9,e2
crew9,10.255.253.10,e2
crew10,10.255.253.11,e2
crew11,10.255.253.12,e2
crew12,10.255.253.13,e2
crew13,10.255.253.14,e2
crew14,10.255.253.15,e2
crew15,10.255.253.16,e2
shop1,10.255.253.17,e2
crew16,10.255.252.2,e3
crew17,10.255.252.3,e3
crew18,10.255.252.4,e3
billet,10.255.252.5,e3
expo1,10.255.251.2,e4
expo2,10.255.251.3,e4
expo3,10.255.251.4,e4
expo4,10.255.251.5,e4
youtube1,10.255.251.6,e4
youtube2,10.255.251.7,e4
youtube3,10.255.251.8,e4
youtube4,10.255.251.9,e4
youtube5,10.255.251.10,e4
shark1,10.255.250.2,e5
shark2,10.255.250.3,e5
shark3,10.255.250.4,e5
scene1,10.255.250.5,e5
expo5,10.255.250.6,e5
expo6,10.255.250.7,e5
expo7,10.255.250.8,e5
expo8,10.255.250.9,e5
expo9,10.255.250.10,e5
expo10,10.255.205.18,dist5
expo11,10.255.205.19,dist5
expo12,10.255.205.20,dist5
expo13,10.255.205.21,dist5
expo16,10.255.205.22,dist5
expo17,10.255.205.23,dist5
expo18,10.255.205.24,dist5
expo19,10.255.205.25,dist5
scene2,10.255.205.22,dist5
expo14,10.255.206.2,dist6
expo15,10.255.206.3,dist6
expo20,10.255.206.4,dist6
expo21,10.255.206.5,dist6
gamecrew1,10.255.206.4,dist6
gamecrew2,10.255.206.5,dist6
gamecrew3,10.255.206.6,dist6
gamecrew4,10.255.206.7,dist6
web1,10.255.206.8,dist6
gamecrew5,10.255.206.9,dist6
helpdesk1,10.255.206.10,dist6
gamecrew6,10.255.206.11,dist6
helpdesk2,10.255.206.12,dist6
gamecrew7,10.255.206.13,dist6
helpdesk3,10.255.206.14,dist6
medie1,10.255.212.14,dist12
medie2,10.255.212.15,dist12
